Company Name,Sector,ESG Score
ABLE GLOBAL BERHAD,CONSUMER PRODUCTS & SERVICES,50
ABLEGROUP BERHAD,INDUSTRIAL PRODUCTS & SERVICES,50
ABM FUJIYA BERHAD,INDUSTRIAL PRODUCTS & SERVICES,50
ACME HOLDINGS BERHAD,PROPERTY,50
ADVANCE SYNERGY BHD,CONSUMER PRODUCTS & SERVICES,75
ADVANCECON HOLDINGS BERHAD,CONSTRUCTION,75
ADVENTA BHD,HEALTH CARE,50
AE MULTI HOLDINGS BHD,INDUSTRIAL PRODUCTS & SERVICES,50
AEON CO. (M) BHD,CONSUMER PRODUCTS & SERVICES,100
AEON CREDIT SERVICE (M) BHD,FINANCIAL SERVICES,75
AFFIN BANK BERHAD,FINANCIAL SERVICES,75
AHB HOLDINGS BHD,CONSUMER PRODUCTS & SERVICES,50
AHMAD ZAKI RESOURCES BHD,CONSTRUCTION,75
AIRASIA X BERHAD,CONSUMER PRODUCTS & SERVICES,75
AIZO GROUP BERHAD,INDUSTRIAL PRODUCTS & SERVICES,50
AJINOMOTO (M) BHD,CONSUMER PRODUCTS & SERVICES,75
AJIYA BHD,INDUSTRIAL PRODUCTS & SERVICES,50
ALAM MARITIM RESOURCES BHD,ENERGY,75
AL-AQAR HEALTHCARE REIT,REAL ESTATE INVESTMENT TRUSTS,50
ALCOM GROUP BERHAD,INDUSTRIAL PRODUCTS & SERVICES,50
ALLIANCE BANK MALAYSIA BERHAD,FINANCIAL SERVICES,100
ALLIANZ MALAYSIA BHD,FINANCIAL SERVICES,100
AL-SALAM REAL ESTATE INVESTMENT TRUST,REAL ESTATE INVESTMENT TRUSTS,75
AMANAHRAYA REITS,REAL ESTATE INVESTMENT TRUSTS,75
AME ELITE CONSORTIUM BERHAD,CONSTRUCTION,75
AME REAL ESTATE INVESTMENT TRUST,REAL ESTATE INVESTMENT TRUSTS,50
AMFIRST REITS,REAL ESTATE INVESTMENT TRUSTS,75
AMMB HOLDINGS BHD,FINANCIAL SERVICES,100
AMTEL HOLDINGS BHD,TELECOMMUNICATIONS & MEDIA,50
AMWAY (M) HOLDINGS BHD,CONSUMER PRODUCTS & SERVICES,50
ANALABS RESOURCES BHD,INDUSTRIAL PRODUCTS & SERVICES,50
ANCOM NYLEX BERHAD,INDUSTRIAL PRODUCTS & SERVICES,75
ANN JOO RESOURCES BHD,INDUSTRIAL PRODUCTS & SERVICES,75
ANNUM BERHAD,INDUSTRIAL PRODUCTS & SERVICES,25
APB RESOURCES BHD,INDUSTRIAL PRODUCTS & SERVICES,75
APEX EQUITY HOLDINGS BHD,FINANCIAL SERVICES,75
APEX HEALTHCARE BHD,HEALTH CARE,75
APM AUTOMOTIVE HOLDINGS BHD,INDUSTRIAL PRODUCTS & SERVICES,75
APOLLO FOOD HOLDINGS BHD,CONSUMER PRODUCTS & SERVICES,50
A-RANK BHD,INDUSTRIAL PRODUCTS & SERVICES,75
ARB BERHAD,TECHNOLOGY,50
ARK RESOURCES HOLDINGS BERHAD,PROPERTY,50
ARKA BERHAD,TRANSPORTATION & LOGISTICS,50
ASIA BRANDS BERHAD,CONSUMER PRODUCTS & SERVICES,50
ASIA FILE CORPORATION BHD,CONSUMER PRODUCTS & SERVICES,75
ASIAN PAC HOLDINGS BHD,PROPERTY,50
ASTEEL GROUP BERHAD,INDUSTRIAL PRODUCTS & SERVICES,50
ASTINO BHD,INDUSTRIAL PRODUCTS & SERVICES,75
ASTRAL ASIA BHD,PLANTATION,50
ASTRO MALAYSIA HOLDINGS BERHAD,TELECOMMUNICATIONS & MEDIA,100
ATA IMS BERHAD,INDUSTRIAL PRODUCTS & SERVICES,75
ATLAN HOLDINGS BHD,CONSUMER PRODUCTS & SERVICES,75
ATRIUM REITS,REAL ESTATE INVESTMENT TRUSTS,50
AURELIUS TECHNOLOGIES BERHAD,INDUSTRIAL PRODUCTS & SERVICES,75
AURO HOLDINGS BERHAD,INDUSTRIAL PRODUCTS & SERVICES,50
AVALAND BERHAD,PROPERTY,100
AVANGAAD BERHAD,TRANSPORTATION & LOGISTICS,75
AVILLION BERHAD,CONSUMER PRODUCTS & SERVICES,50
AWANBIRU TECHNOLOGY BERHAD,TECHNOLOGY,100
AWC BERHAD,INDUSTRIAL PRODUCTS & SERVICES,50
AXIATA GROUP BERHAD,TELECOMMUNICATIONS & MEDIA,75
AXIS REITS,REAL ESTATE INVESTMENT TRUSTS,100
AXTERIA GROUP BERHAD,PROPERTY,50
AYER HOLDINGS BERHAD,PROPERTY,50
AYS VENTURES BHD,INDUSTRIAL PRODUCTS & SERVICES,75
B.I.G. INDUSTRIES BHD,INDUSTRIAL PRODUCTS & SERVICES,50
BANK ISLAM MALAYSIA BERHAD,FINANCIAL SERVICES,75
BATU KAWAN BHD,PLANTATION,75
BCB BHD,PROPERTY,50
BENALEC HOLDINGS BERHAD,CONSTRUCTION,50
BERJAYA ASSETS BERHAD,PROPERTY,75
BERJAYA CORPORATION BHD,INDUSTRIAL PRODUCTS & SERVICES,75
BERJAYA FOOD BERHAD,CONSUMER PRODUCTS & SERVICES,100
BERJAYA LAND BHD,CONSUMER PRODUCTS & SERVICES,75
BERMAZ AUTO BERHAD,CONSUMER PRODUCTS & SERVICES,100
BERTAM ALLIANCE BHD,PROPERTY,50
BESHOM HOLDINGS BERHAD,CONSUMER PRODUCTS & SERVICES,75
BINA DARULAMAN BHD,PROPERTY,75
BINA PURI HOLDINGS BHD,CONSTRUCTION,50
BINASTRA CORPORATION BERHAD,CONSTRUCTION,75
BINTAI KINDEN CORPORATION BHD,INDUSTRIAL PRODUCTS & SERVICES,50
BINTULU PORT HOLDINGS BHD,TRANSPORTATION & LOGISTICS,75
BLD PLANTATION BHD,PLANTATION,50
BM GREENTECH BERHAD,ENERGY,75
BONIA CORPORATION BHD,CONSUMER PRODUCTS & SERVICES,50
BORNEO OIL BHD,INDUSTRIAL PRODUCTS & SERVICES,50
BOUSTEAD HEAVY INDUSTRIES CORP,TRANSPORTATION & LOGISTICS,75
BOX-PAK (MALAYSIA) BHD,INDUSTRIAL PRODUCTS & SERVICES,75
BP PLASTICS HOLDING BHD,INDUSTRIAL PRODUCTS & SERVICES,75
BRIGHT PACKAGING INDUSTRY BHD,INDUSTRIAL PRODUCTS & SERVICES,75
BRITISH AMERICAN TOBACCO (M),CONSUMER PRODUCTS & SERVICES,100
BSL CORPORATION BERHAD,INDUSTRIAL PRODUCTS & SERVICES,50
BTM RESOURCES BHD,INDUSTRIAL PRODUCTS & SERVICES,50
BUMI ARMADA BERHAD,ENERGY,100
BURSA MALAYSIA BHD,FINANCIAL SERVICES,100
C.I. HOLDINGS BHD,CONSUMER PRODUCTS & SERVICES,75
CAB CAKARAN CORPORATION BHD,CONSUMER PRODUCTS & SERVICES,50
CAHYA MATA SARAWAK BHD,INDUSTRIAL PRODUCTS & SERVICES,75
CAM RESOURCES BHD,CONSUMER PRODUCTS & SERVICES,50
CAN-ONE BHD,INDUSTRIAL PRODUCTS & SERVICES,75
CAPE EMS BERHAD,INDUSTRIAL PRODUCTS & SERVICES,50
CAPITAL A BERHAD,CONSUMER PRODUCTS & SERVICES,75
CAPITALAND MALAYSIA TRUST,REAL ESTATE INVESTMENT TRUSTS,100
CAREPLUS GROUP BERHAD,HEALTH CARE,75
CARIMIN PETROLEUM BERHAD,ENERGY,75
CARLSBERG BREWERY MALAYSIA BHD,CONSUMER PRODUCTS & SERVICES,75
CB INDUSTRIAL PRODUCT HOLDING,INDUSTRIAL PRODUCTS & SERVICES,50
CCK CONSOLIDATED HOLDINGS BHD,CONSUMER PRODUCTS & SERVICES,50
CELCOMDIGI BERHAD,TELECOMMUNICATIONS & MEDIA,100
CENSOF HOLDINGS BERHAD,TECHNOLOGY,75
CENTRAL GLOBAL BERHAD,INDUSTRIAL PRODUCTS & SERVICES,75
CEPATWAWASAN GROUP BHD,PLANTATION,50
CHEETAH HOLDINGS BHD,CONSUMER PRODUCTS & SERVICES,50
CHIN HIN GROUP BERHAD,INDUSTRIAL PRODUCTS & SERVICES,75
CHIN HIN GROUP PROPERTY BERHAD,TRANSPORTATION & LOGISTICS,50
CHIN TECK PLANTATIONS BHD,PLANTATION,50
CHIN WELL HOLDINGS BHD,INDUSTRIAL PRODUCTS & SERVICES,50
CHINA OUHUA WINERY HLDGS LTD,CONSUMER PRODUCTS & SERVICES,50
CHOO BEE METAL INDUSTRIES BHD,INDUSTRIAL PRODUCTS & SERVICES,75
CHUAN HUAT RESOURCES BHD,INDUSTRIAL PRODUCTS & SERVICES,50
CIMB GROUP HOLDINGS BERHAD,FINANCIAL SERVICES,100
CITAGLOBAL BERHAD,INDUSTRIAL PRODUCTS & SERVICES,50
CITRA NUSA HOLDINGS BERHAD,CONSUMER PRODUCTS & SERVICES,50
CJ CENTURY LOGISTICS HOLDINGS BERHAD,TRANSPORTATION & LOGISTICS,75
CLASSITA HOLDINGS BERHAD,CONSUMER PRODUCTS & SERVICES,75
CME GROUP BHD,INDUSTRIAL PRODUCTS & SERVICES,50
CN ASIA CORPORATION BHD,INDUSTRIAL PRODUCTS & SERVICES,75
CNERGENZ BERHAD,TECHNOLOGY,50
COASTAL CONTRACTS BHD,ENERGY,50
COMFORT GLOVES BERHAD,INDUSTRIAL PRODUCTS & SERVICES,75
COMPUGATES HOLDINGS BHD,INDUSTRIAL PRODUCTS & SERVICES,50
COMPUTER FORMS (M) BHD,INDUSTRIAL PRODUCTS & SERVICES,50
CONCRETE ENGINEERING PRODUCTS,INDUSTRIAL PRODUCTS & SERVICES,75
COUNTRY HEIGHTS HOLDINGS BHD,PROPERTY,50
COUNTRY VIEW BHD,PROPERTY,50
CPE TECHNOLOGY BERHAD,INDUSTRIAL PRODUCTS & SERVICES,75
CRESCENDO CORPORATION BHD,PROPERTY,50
CREST BUILDER HOLDINGS BHD,CONSTRUCTION,50
CSC STEEL HOLDINGS BERHAD,INDUSTRIAL PRODUCTS & SERVICES,50
CTOS DIGITAL BERHAD,TECHNOLOGY,75
CUSCAPI BHD,TECHNOLOGY,50
CWG HOLDINGS BERHAD,CONSUMER PRODUCTS & SERVICES,75
CYBERJAYA EDUCATION GROUP BERHAD,CONSUMER PRODUCTS & SERVICES,75
CYL CORPORATION BHD,INDUSTRIAL PRODUCTS & SERVICES,50
CYPARK RESOURCES BERHAD,ENERGY,75
D & O GREEN TECHNOLOGIES BERHAD,TECHNOLOGY,75
DAGANG NEXCHANGE BERHAD,TECHNOLOGY,75
DANCOMECH HOLDINGS BERHAD,INDUSTRIAL PRODUCTS & SERVICES,75
DATAPREP HOLDINGS BHD,TECHNOLOGY,50
DAYANG ENTERPRISE HOLDINGS BHD,ENERGY,75
DELEUM BHD,ENERGY,100
DESTINI BERHAD,INDUSTRIAL PRODUCTS & SERVICES,50
DFCITY GROUP BERHAD,INDUSTRIAL PRODUCTS & SERVICES,50
DIALOG GROUP BHD,ENERGY,75
DIGISTAR CORPORATION BHD,TECHNOLOGY,75
DKLS INDUSTRIES BHD,CONSTRUCTION,50
DKSH HOLDINGS(M)BHD,CONSUMER PRODUCTS & SERVICES,100
DNONCE TECHNOLOGY BHD,INDUSTRIAL PRODUCTS & SERVICES,50
DOMINANT ENTERPRISE BHD,INDUSTRIAL PRODUCTS & SERVICES,50
DPS RESOURCES BHD,PROPERTY,50
DRB-HICOM BHD,CONSUMER PRODUCTS & SERVICES,75
DS SIGMA HOLDINGS BERHAD,INDUSTRIAL PRODUCTS & SERVICES,50
DUFU TECHNOLOGY CORP. BHD,INDUSTRIAL PRODUCTS & SERVICES,100
DUOPHARMA BIOTECH BERHAD,HEALTH CARE,100
DUTALAND BHD,PLANTATION,75
DUTCH LADY MILK INDUSTRIES BHD,CONSUMER PRODUCTS & SERVICES,100
DXN HOLDINGS BHD.,CONSUMER PRODUCTS & SERVICES,75
EASTERN & ORIENTAL BHD,PROPERTY,75
ECM LIBRA GROUP BERHAD,FINANCIAL SERVICES,50
ECO WORLD DEVELOPMENT GROUP BERHAD,PROPERTY,100
ECO WORLD INTERNATIONAL BERHAD,PROPERTY,100
ECOBUILT HOLDINGS BERHAD,TELECOMMUNICATIONS & MEDIA,50
ECOFIRST CONSOLIDATED BHD,PROPERTY,75
ECOMATE HOLDINGS BERHAD,CONSUMER PRODUCTS & SERVICES,75
ECONPILE HOLDINGS BHD,CONSTRUCTION,50
EDARAN BHD,TECHNOLOGY,50
EDEN INC. BHD,UTILITIES,50
EFFICIENT E-SOLUTIONS BHD,INDUSTRIAL PRODUCTS & SERVICES,50
EG INDUSTRIES BHD,INDUSTRIAL PRODUCTS & SERVICES,75
EITA RESOURCES BERHAD,INDUSTRIAL PRODUCTS & SERVICES,50
EKOVEST BHD,CONSTRUCTION,50
EKSONS CORPORATION BHD,INDUSTRIAL PRODUCTS & SERVICES,50
ELK-DESA RESOURCES BERHAD,FINANCIAL SERVICES,50
ELSOFT RESEARCH BHD,TECHNOLOGY,75
EMICO HOLDINGS BHD,CONSUMER PRODUCTS & SERVICES,50
ENCORP BHD,PROPERTY,50
ENG KAH CORPORATION BHD,CONSUMER PRODUCTS & SERVICES,50
ENGTEX GROUP BHD,INDUSTRIAL PRODUCTS & SERVICES,50
ENRA GROUP BERHAD,ENERGY,75
EONMETALL GROUP BHD,INDUSTRIAL PRODUCTS & SERVICES,50
EP MANUFACTURING BHD,INDUSTRIAL PRODUCTS & SERVICES,50
EPICON BERHAD,CONSTRUCTION,50
ESTHETICS INTERNATIONAL GROUP,CONSUMER PRODUCTS & SERVICES,50
EUPE CORPORATION BHD,PROPERTY,50
EURO HOLDINGS BHD,CONSUMER PRODUCTS & SERVICES,50
EUROSPAN HOLDINGS BHD,CONSUMER PRODUCTS & SERVICES,75
EVERGREEN FIBREBOARD BHD,INDUSTRIAL PRODUCTS & SERVICES,75
EVERSENDAI CORPORATION BERHAD,CONSTRUCTION,50
EXCEL FORCE MSC BHD,TECHNOLOGY,75
EXSIM HOSPITALITY BERHAD,CONSUMER PRODUCTS & SERVICES,50
FACB INDUSTRIES INCORPORATED,INDUSTRIAL PRODUCTS & SERVICES,75
FAJARBARU BUILDER GRP BHD,CONSTRUCTION,75
FAR EAST HOLDINGS BHD,PLANTATION,50
FARLIM GROUP (M) BHD,PROPERTY,50
FARM FRESH BERHAD,CONSUMER PRODUCTS & SERVICES,75
FAVELLE FAVCO BHD,INDUSTRIAL PRODUCTS & SERVICES,50
FCW HOLDINGS BHD,CONSUMER PRODUCTS & SERVICES,50
FEDERAL INTERNATIONAL HOLDINGS BERHAD,CONSUMER PRODUCTS & SERVICES,50
FGV HOLDINGS BERHAD,PLANTATION,75
FIAMMA HOLDINGS BHD,CONSUMER PRODUCTS & SERVICES,50
FIBON BERHAD,INDUSTRIAL PRODUCTS & SERVICES,50
FIMA CORPORATION BHD,INDUSTRIAL PRODUCTS & SERVICES,50
FITTERS DIVERSIFIED BHD,INDUSTRIAL PRODUCTS & SERVICES,50
FM GLOBAL LOGISTICS HOLDINGS BERHAD,TRANSPORTATION & LOGISTICS,75
FOCUS LUMBER BERHAD,INDUSTRIAL PRODUCTS & SERVICES,50
FOCUS POINT HOLDINGS BERHAD,CONSUMER PRODUCTS & SERVICES,75
FORMOSA PROSONIC INDUSTRIES,CONSUMER PRODUCTS & SERVICES,50
FOUNDPAC GROUP BERHAD,INDUSTRIAL PRODUCTS & SERVICES,75
FRASER & NEAVE HOLDINGS BHD,CONSUMER PRODUCTS & SERVICES,100
FRONTKEN CORPORATION BHD,TECHNOLOGY,100
FSBM HOLDINGS BHD,TECHNOLOGY,50
G CAPITAL BERHAD,TRANSPORTATION & LOGISTICS,50
G3 GLOBAL BERHAD,CONSUMER PRODUCTS & SERVICES,75
GABUNGAN AQRS BERHAD,CONSTRUCTION,75
GADANG HOLDINGS BHD,CONSTRUCTION,50
GAMUDA BHD,CONSTRUCTION,75
GAS MALAYSIA BERHAD,UTILITIES,75
GDB HOLDINGS BERHAD,CONSTRUCTION,75
GDEX BERHAD,TRANSPORTATION & LOGISTICS,75
GENETEC TECHNOLOGY BERHAD,TECHNOLOGY,75
GENTING BHD,CONSUMER PRODUCTS & SERVICES,75
GENTING MALAYSIA BERHAD,CONSUMER PRODUCTS & SERVICES,100
GENTING PLANTATIONS BERHAD,PLANTATION,75
GEORGE KENT (M) BHD,CONSTRUCTION,100
GE-SHEN CORPORATION BHD,INDUSTRIAL PRODUCTS & SERVICES,75
GFM SERVICES BERHAD,INDUSTRIAL PRODUCTS & SERVICES,75
GIIB HOLDINGS BERHAD,INDUSTRIAL PRODUCTS & SERVICES,50
GLOBAL ORIENTAL BERHAD,PROPERTY,50
GLOBALTEC FORMATION BERHAD,INDUSTRIAL PRODUCTS & SERVICES,50
GLOBETRONICS TECHNOLOGY BHD,TECHNOLOGY,75
GLOMAC BHD,PROPERTY,50
GOLDEN LAND BERHAD,PLANTATION,50
GOLDEN PHAROS BHD,INDUSTRIAL PRODUCTS & SERVICES,75
GOPENG BHD,PLANTATION,50
GRAND CENTRAL ENTERPRISES BHD,CONSUMER PRODUCTS & SERVICES,50
GREATECH TECHNOLOGY BERHAD,TECHNOLOGY,100
GREATER BAY HOLDINGS BERHAD,INDUSTRIAL PRODUCTS & SERVICES,50
GREEN PACKET BHD,TELECOMMUNICATIONS & MEDIA,75
GREENYIELD BHD,CONSUMER PRODUCTS & SERVICES,50
GROMUTUAL BHD,PROPERTY,50
GUAN CHONG BHD,CONSUMER PRODUCTS & SERVICES,75
GUH HOLDINGS BHD,INDUSTRIAL PRODUCTS & SERVICES,50
GUOCOLAND (MALAYSIA) BHD,PROPERTY,50
HANDAL ENERGY BERHAD,ENERGY,50
HAP SENG CONSOLIDATED BHD,INDUSTRIAL PRODUCTS & SERVICES,75
HAP SENG PLANTATIONS HOLDINGS,PLANTATION,75
HARBOUR-LINK GROUP BHD,TRANSPORTATION & LOGISTICS,75
HARN LEN CORPORATION BHD,PLANTATION,50
HARRISONS HOLDINGS (M) BHD,CONSUMER PRODUCTS & SERVICES,50
HARTALEGA HOLDINGS BHD,HEALTH CARE,100
HB GLOBAL LIMITED,CONSUMER PRODUCTS & SERVICES,50
HCK CAPITAL GROUP BERHAD,PROPERTY,50
HEINEKEN MALAYSIA BERHAD,CONSUMER PRODUCTS & SERVICES,100
HEITECH PADU BHD,TECHNOLOGY,75
HEKTAR REITS,REAL ESTATE INVESTMENT TRUSTS,75
HENGYUAN REFINING COMPANY BERHAD,ENERGY,100
HEVEABOARD BHD,INDUSTRIAL PRODUCTS & SERVICES,75
HEXTAR GLOBAL BERHAD,INDUSTRIAL PRODUCTS & SERVICES,75
HEXTAR HEALTHCARE BERHAD,HEALTH CARE,100
HEXTAR INDUSTRIES BERHAD,INDUSTRIAL PRODUCTS & SERVICES,50
HEXTAR RETAIL BERHAD,CONSUMER PRODUCTS & SERVICES,75
HEXTAR TECHNOLOGIES SOLUTIONS BERHAD,TRANSPORTATION & LOGISTICS,50
HEXZA CORPORATION BHD,INDUSTRIAL PRODUCTS & SERVICES,50
HIAP TECK VENTURE BHD,INDUSTRIAL PRODUCTS & SERVICES,75
HIBISCUS PETROLEUM BHD,ENERGY,75
HIL INDUSTRIES BHD,INDUSTRIAL PRODUCTS & SERVICES,50
HO HUP CONSTRUCTION COMPANY,CONSTRUCTION,50
HO WAH GENTING BHD,INDUSTRIAL PRODUCTS & SERVICES,50
HOMERITZ CORPORATION BERHAD,CONSUMER PRODUCTS & SERVICES,75
HONG LEONG BANK BHD,FINANCIAL SERVICES,100
HONG LEONG CAPITAL BERHAD,FINANCIAL SERVICES,75
HONG LEONG FINANCIAL GROUP BHD,FINANCIAL SERVICES,100
HONG LEONG INDUSTRIES BHD,CONSUMER PRODUCTS & SERVICES,100
HONG SENG CONSOLIDATED BERHAD,TECHNOLOGY,75
HPMT HOLDINGS BERHAD,INDUSTRIAL PRODUCTS & SERVICES,75
HSS ENGINEERS BERHAD,INDUSTRIAL PRODUCTS & SERVICES,75
HUA YANG BHD,PROPERTY,50
HUBLINE BHD,TRANSPORTATION & LOGISTICS,75
HUME CEMENT INDUSTRIES BERHAD,INDUSTRIAL PRODUCTS & SERVICES,100
HUP SENG INDUSTRIES BHD,CONSUMER PRODUCTS & SERVICES,75
HWA TAI INDUSTRIES BHD,CONSUMER PRODUCTS & SERVICES,50
I-BHD,PROPERTY,50
IBRACO BHD,PROPERTY,75
ICAPITAL.BIZ BHD,CLOSED END FUND,75
ICONIC WORLDWIDE BERHAD,CONSUMER PRODUCTS & SERVICES,50
IDEAL CAPITAL BERHAD,PROPERTY,25
IGB BERHAD,PROPERTY,75
IGB COMMERCIAL REAL ESTATE INVESTMENT TRUST,REAL ESTATE INVESTMENT TRUSTS,75
IGB REAL ESTATE INV TRUST,REAL ESTATE INVESTMENT TRUSTS,75
IHH HEALTHCARE BERHAD,HEALTH CARE,75
IJM CORPORATION BHD,CONSTRUCTION,75
IMASPRO CORPORATION BHD,INDUSTRIAL PRODUCTS & SERVICES,50
INARI AMERTRON BERHAD,TECHNOLOGY,100
INCH KENNETH KAJANG RUBBER PLC,PLANTATION,50
INDUSTRONICS BHD,TECHNOLOGY,50
INFOLINE TEC GROUP BERHAD,TECHNOLOGY,50
INFRAHARTA HOLDINGS BERHAD,CONSTRUCTION,50
INGENIEUR GUDANG BERHAD,INDUSTRIAL PRODUCTS & SERVICES,50
INNATURE BERHAD,CONSUMER PRODUCTS & SERVICES,100
INNOPRISE PLANTATIONS BERHAD,PLANTATION,50
INSAS BHD,FINANCIAL SERVICES,50
INTA BINA GROUP BERHAD,CONSTRUCTION,50
IOI CORPORATION BHD,PLANTATION,100
IOI PROPERTIES GROUP BERHAD,PROPERTY,100
IQ GROUP HOLDINGS BHD,CONSUMER PRODUCTS & SERVICES,50
IREKA CORPORATION BHD,CONSTRUCTION,50
ISKANDAR WATERFRONT CITY BERHAD,PROPERTY,50
ITMAX SYSTEM BERHAD,TECHNOLOGY,50
IVORY PROPERTIES GROUP BERHAD,PROPERTY,50
JADI IMAGING HOLDINGS BHD,CONSUMER PRODUCTS & SERVICES,50
JAKS RESOURCES BERHAD,CONSTRUCTION,75
JASA KITA BHD,INDUSTRIAL PRODUCTS & SERVICES,50
JAYA TIASA HOLDINGS BHD,PLANTATION,75
JAYCORP BHD,CONSUMER PRODUCTS & SERVICES,50
JCBNEXT BERHAD,INDUSTRIAL PRODUCTS & SERVICES,50
JCY INTERNATIONAL BERHAD,TECHNOLOGY,50
JENTAYU SUSTAINABLES BERHAD,INDUSTRIAL PRODUCTS & SERVICES,75
JF TECHNOLOGY BHD,TECHNOLOGY,75
JHM CONSOLIDATION BHD,TECHNOLOGY,75
JIANKUN INTERNATIONAL BERHAD,PROPERTY,50
JKG LAND BERHAD,PROPERTY,75
JOE HOLDING BERHAD,INDUSTRIAL PRODUCTS & SERVICES,50
JOHAN HOLDINGS BHD,FINANCIAL SERVICES,75
K. SENG SENG CORPORATION BHD,INDUSTRIAL PRODUCTS & SERVICES,75
KAMDAR GROUP(M)BHD,CONSUMER PRODUCTS & SERVICES,50
KAREX BERHAD,CONSUMER PRODUCTS & SERVICES,100
KARYON INDUSTRIES BHD,INDUSTRIAL PRODUCTS & SERVICES,75
KAWAN FOOD BHD,CONSUMER PRODUCTS & SERVICES,100
KECK SENG (M) BHD,INDUSTRIAL PRODUCTS & SERVICES,50
KEIN HING INTERNATIONAL BHD,INDUSTRIAL PRODUCTS & SERVICES,50
KELINGTON GROUP BERHAD,INDUSTRIAL PRODUCTS & SERVICES,100
KEN HOLDINGS BHD,PROPERTY,50
KENANGA INVESTMENT BANK BERHAD,FINANCIAL SERVICES,100
KERJAYA PROSPEK GROUP BERHAD,CONSTRUCTION,75
KERJAYA PROSPEK PROPERTY BERHAD,PROPERTY,50
KESM INDUSTRIES BHD,TECHNOLOGY,75
KEY ASIC BHD,TECHNOLOGY,50
KHEE SAN BHD,CONSUMER PRODUCTS & SERVICES,50
KHIND HOLDINGS BHD,CONSUMER PRODUCTS & SERVICES,50
KIA LIM BHD,INDUSTRIAL PRODUCTS & SERVICES,50
KIM HIN INDUSTRY BHD,INDUSTRIAL PRODUCTS & SERVICES,50
KIM LOONG RESOURCES BHD,PLANTATION,50
KIM TECK CHEONG CONSOLIDATED BERHAD,CONSUMER PRODUCTS & SERVICES,50
KIMLUN CORPORATION BERHAD,CONSTRUCTION,50
KINERGY ADVANCEMENT BERHAD,ENERGY,75
KIP REAL ESTATE INVESTMENT TRUST,REAL ESTATE INVESTMENT TRUSTS,75
KKB ENGINEERING BHD,INDUSTRIAL PRODUCTS & SERVICES,50
KLCC PROP&REITS-STAPLED SEC,REAL ESTATE INVESTMENT TRUSTS,75
KLUANG RUBBER CO (M) BHD,PLANTATION,50
KNM GROUP BHD,ENERGY,50
KNUSFORD BHD,INDUSTRIAL PRODUCTS & SERVICES,75
KOBAY TECHNOLOGY BHD,INDUSTRIAL PRODUCTS & SERVICES,50
KOMARKCORP BHD,INDUSTRIAL PRODUCTS & SERVICES,75
KOSSAN RUBBER INDUSTRIES BHD,HEALTH CARE,100
KOTRA INDUSTRIES BHD,HEALTH CARE,75
KPJ HEALTHCARE BHD,HEALTH CARE,100
KPS CONSORTIUM BHD,INDUSTRIAL PRODUCTS & SERVICES,50
KRETAM HOLDINGS BHD,PLANTATION,50
KSL HOLDINGS BHD,PROPERTY,75
KUALA LUMPUR KEPONG BHD,PLANTATION,75
KUB MALAYSIA BHD,INDUSTRIAL PRODUCTS & SERVICES,75
KUCHAI DEVELOPMENT BHD,FINANCIAL SERVICES,50
KUMPULAN FIMA BHD,INDUSTRIAL PRODUCTS & SERVICES,50
KUMPULAN H&L HIGH-TECH BHD,INDUSTRIAL PRODUCTS & SERVICES,50
KUMPULAN JETSON BHD,INDUSTRIAL PRODUCTS & SERVICES,50
KUMPULAN KITACON BERHAD,CONSTRUCTION,50
KUMPULAN PERANGSANG SELANGOR,INDUSTRIAL PRODUCTS & SERVICES,75
KYM HOLDINGS BHD,INDUSTRIAL PRODUCTS & SERVICES,50
L&P GLOBAL BERHAD,INDUSTRIAL PRODUCTS & SERVICES,75
LAGENDA PROPERTIES BERHAD,PROPERTY,75
LAND & GENERAL BHD,PROPERTY,75
LANDMARKS BHD,CONSUMER PRODUCTS & SERVICES,50
LAY HONG BHD,CONSUMER PRODUCTS & SERVICES,50
LB ALUMINIUM BHD,INDUSTRIAL PRODUCTS & SERVICES,75
LBI CAPITAL BHD,PROPERTY,25
LBS BINA GROUP BHD,PROPERTY,75
LEADER STEEL HOLDINGS BHD,INDUSTRIAL PRODUCTS & SERVICES,50
LEBTECH BERHAD,CONSTRUCTION,25
LEE SWEE KIAT GROUP BHD,CONSUMER PRODUCTS & SERVICES,75
LEON FUAT BERHAD,INDUSTRIAL PRODUCTS & SERVICES,50
LEONG HUP INTERNATIONAL BERHAD,CONSUMER PRODUCTS & SERVICES,50
LFE CORPORATION BHD,INDUSTRIAL PRODUCTS & SERVICES,50
LIANSON FLEET GROUP BERHAD,ENERGY,75
LIEN HOE CORPORATION BHD,PROPERTY,50
LII HEN INDUSTRIES BHD,CONSUMER PRODUCTS & SERVICES,75
LION INDUSTRIES CORPORATION,INDUSTRIAL PRODUCTS & SERVICES,50
LION POSIM BERHAD,INDUSTRIAL PRODUCTS & SERVICES,50
LOTTE CHEMICAL TITAN HOLDING BERHAD,INDUSTRIAL PRODUCTS & SERVICES,75
LOTUS CIRCULAR BERHAD,CONSUMER PRODUCTS & SERVICES,50
LOTUS KFM BERHAD,CONSUMER PRODUCTS & SERVICES,50
LPI CAPITAL BHD,FINANCIAL SERVICES,75
LTKM BHD,CONSUMER PRODUCTS & SERVICES,50
LUSTER INDUSTRIES BHD,INDUSTRIAL PRODUCTS & SERVICES,75
LUXCHEM CORPORATION BHD,INDUSTRIAL PRODUCTS & SERVICES,50
LYSAGHT GALVANIZED STEEL BHD,INDUSTRIAL PRODUCTS & SERVICES,50
M & A EQUITY HOLDINGS BERHAD,FINANCIAL SERVICES,75
MAA GROUP BERHAD,FINANCIAL SERVICES,50
MAGMA GROUP BERHAD,CONSUMER PRODUCTS & SERVICES,50
MAGNA PRIMA BHD,PROPERTY,50
MAGNI-TECH INDUSTRIES BHD,CONSUMER PRODUCTS & SERVICES,50
MAGNUM BERHAD,CONSUMER PRODUCTS & SERVICES,75
MAH SING GROUP BHD,PROPERTY,100
MAJUPERAK HOLDINGS BHD,PROPERTY,50
MALAKOFF CORPORATION BERHAD,UTILITIES,75
MALAYAN BANKING BHD,FINANCIAL SERVICES,100
MALAYAN CEMENT BERHAD,INDUSTRIAL PRODUCTS & SERVICES,75
MALAYAN FLOUR MILLS BHD,CONSUMER PRODUCTS & SERVICES,75
MALAYAN UNITED INDUSTRIES BHD,CONSUMER PRODUCTS & SERVICES,50
MALAYSIA MARINE AND HEAVY ENG,ENERGY,100
MALAYSIA SMELTING CORPORATION,INDUSTRIAL PRODUCTS & SERVICES,75
MALAYSIA STEEL WORKS (KL)BHD,INDUSTRIAL PRODUCTS & SERVICES,100
MALAYSIAN PACIFIC INDUSTRIES,TECHNOLOGY,100
MALAYSIAN RESOURCES CORPORATION BERHAD,PROPERTY,100
MALPAC HOLDINGS BHD,PLANTATION,50
MALTON BHD,PROPERTY,75
MANULIFE HOLDINGS BERHAD,FINANCIAL SERVICES,75
MARCO HOLDINGS BHD,CONSUMER PRODUCTS & SERVICES,25
MARINE & GENERAL BERHAD,TRANSPORTATION & LOGISTICS,75
MASTER-PACK GROUP BERHAD,INDUSTRIAL PRODUCTS & SERVICES,75
MATRIX CONCEPTS HOLDINGS BHD,PROPERTY,75
MAXIM GLOBAL BERHAD,PROPERTY,75
MAXIS BERHAD,TELECOMMUNICATIONS & MEDIA,75
MAXLAND BERHAD,INDUSTRIAL PRODUCTS & SERVICES,50
MAYBULK BERHAD,TRANSPORTATION & LOGISTICS,75
MAYU GLOBAL GROUP BERHAD,INDUSTRIAL PRODUCTS & SERVICES,50
MBM RESOURCES BHD,CONSUMER PRODUCTS & SERVICES,75
MBSB BERHAD,FINANCIAL SERVICES,75
MCE HOLDINGS BERHAD,INDUSTRIAL PRODUCTS & SERVICES,50
MEDIA CHINESE INTERNATIONAL LIMITED,TELECOMMUNICATIONS & MEDIA,100
MEDIA PRIMA BHD,TELECOMMUNICATIONS & MEDIA,75
MEGA FIRST CORPORATION BHD,UTILITIES,75
MELATI EHSAN HOLDINGS BHD,CONSTRUCTION,50
MELEWAR INDUSTRIAL GROUP BHD,INDUSTRIAL PRODUCTS & SERVICES,75
MENANG CORPORATION (M) BHD,PROPERTY,50
MENTIGA CORPORATION BHD,PLANTATION,50
MERCURY INDUSTRIES BHD,CONSTRUCTION,50
MERIDIAN BERHAD,PROPERTY,25
MESINIAGA BHD,TECHNOLOGY,75
MESTRON HOLDINGS BERHAD,INDUSTRIAL PRODUCTS & SERVICES,50
META BRIGHT GROUP BERHAD,CONSUMER PRODUCTS & SERVICES,50
METROD HOLDINGS BERHAD,INDUSTRIAL PRODUCTS & SERVICES,75
METRONIC GLOBAL BHD,INDUSTRIAL PRODUCTS & SERVICES,50
MGB BERHAD,CONSTRUCTION,100
MHC PLANTATIONS BHD,PLANTATION,50
MI TECHNOVATION BERHAD,TECHNOLOGY,75
MICROLINK SOLUTIONS BHD,TECHNOLOGY,75
MIECO CHIPBOARD BHD,INDUSTRIAL PRODUCTS & SERVICES,75
MILUX CORPORATION BHD,CONSUMER PRODUCTS & SERVICES,50
MINHO (M) BHD,INDUSTRIAL PRODUCTS & SERVICES,25
MISC BHD,TRANSPORTATION & LOGISTICS,100
MITRAJAYA HOLDINGS BHD,CONSTRUCTION,50
MK LAND HOLDINGS BHD,PROPERTY,50
MKH BERHAD,PROPERTY,50
MKH OIL PALM (EAST KALIMANTAN) BERHAD,PLANTATION,50
MMM GROUP BERHAD,TELECOMMUNICATIONS & MEDIA,75
MMS VENTURES BHD,TECHNOLOGY,50
MNRB HOLDINGS BHD,FINANCIAL SERVICES,75
MOBILIA HOLDINGS BERHAD,CONSUMER PRODUCTS & SERVICES,75
MPIRE GLOBAL BERHAD,CONSUMER PRODUCTS & SERVICES,50
MR D.I.Y. GROUP (M) BERHAD,CONSUMER PRODUCTS & SERVICES,75
MSM MALAYSIA HOLDINGS BERHAD,CONSUMER PRODUCTS & SERVICES,75
MST GOLF GROUP BERHAD,CONSUMER PRODUCTS & SERVICES,75
MUAR BAN LEE GROUP BERHAD,INDUSTRIAL PRODUCTS & SERVICES,75
MUDA HOLDINGS BHD,INDUSTRIAL PRODUCTS & SERVICES,75
MUDAJAYA GROUP BHD,CONSTRUCTION,50
MUHIBBAH ENGINEERING (M) BHD,CONSTRUCTION,50
MUI PROPERTIES BHD,PROPERTY,50
MULPHA INTERNATIONAL BHD,CONSUMER PRODUCTS & SERVICES,50
MULTI-USAGE HOLDINGS BHD,PROPERTY,50
MY E.G. SERVICES BHD,TECHNOLOGY,100
MYCRON STEEL BHD,INDUSTRIAL PRODUCTS & SERVICES,75
MYNEWS HOLDINGS BERHAD,CONSUMER PRODUCTS & SERVICES,50
MYTECH GROUP BERHAD,INDUSTRIAL PRODUCTS & SERVICES,50
NAIM HOLDINGS BHD,PROPERTY,50
NATIONGATE HOLDINGS BERHAD,INDUSTRIAL PRODUCTS & SERVICES,75
NCT ALLIANCE BERHAD,PROPERTY,75
NEGRI SEMBILAN OIL PALMS BHD,PLANTATION,50
NESTLE (M) BHD,CONSUMER PRODUCTS & SERVICES,100
NEW HOONG FATT HOLDINGS BHD,CONSUMER PRODUCTS & SERVICES,50
NEXG BERHAD,TECHNOLOGY,75
NEXTGREEN GLOBAL BERHAD,INDUSTRIAL PRODUCTS & SERVICES,50
NI HSIN GROUP BERHAD,CONSUMER PRODUCTS & SERVICES,50
NICHE CAPITAL EMAS HLDG BHD,CONSUMER PRODUCTS & SERVICES,50
NOTION VTEC BHD,TECHNOLOGY,75
NOVA WELLNESS GROUP BERHAD,HEALTH CARE,50
NPC RESOURCES BHD,PLANTATION,50
NTPM HOLDINGS BHD,CONSUMER PRODUCTS & SERVICES,75
NUENERGY HOLDINGS BERHAD,ENERGY,75
OASIS HARVEST CORPORATION BERHAD,CONSUMER PRODUCTS & SERVICES,50
OCB BHD,CONSUMER PRODUCTS & SERVICES,50
OCEANCASH PACIFIC BHD,CONSUMER PRODUCTS & SERVICES,75
OCK GROUP BERHAD,TELECOMMUNICATIONS & MEDIA,75
OCR GROUP BERHAD,CONSTRUCTION,50
OKA CORPORATION BHD,INDUSTRIAL PRODUCTS & SERVICES,25
OLYMPIA INDUSTRIES BHD,CONSUMER PRODUCTS & SERVICES,75
OM HOLDINGS LIMITED,INDUSTRIAL PRODUCTS & SERVICES,100
OMESTI BHD,TECHNOLOGY,75
ONE GLOVE GROUP BERHAD,CONSUMER PRODUCTS & SERVICES,75
ONLY WORLD GROUP HOLDINGS BERHAD,CONSUMER PRODUCTS & SERVICES,50
OPENSYS (M) BHD,TECHNOLOGY,50
OPTIMAX HOLDINGS BERHAD,HEALTH CARE,75
ORIENTAL FOOD INDUSTRIES HLDG,CONSUMER PRODUCTS & SERVICES,50
ORIENTAL HOLDINGS BHD,CONSUMER PRODUCTS & SERVICES,50
ORIENTAL INTEREST BHD,PROPERTY,50
ORNAPAPER BHD,INDUSTRIAL PRODUCTS & SERVICES,50
OSK HOLDINGS BHD,PROPERTY,75
P.A. RESOURCES BHD,INDUSTRIAL PRODUCTS & SERVICES,50
P.I.E. INDUSTRIAL BHD,INDUSTRIAL PRODUCTS & SERVICES,50
PACIFIC & ORIENT BHD,FINANCIAL SERVICES,50
PADINI HOLDINGS BHD,CONSUMER PRODUCTS & SERVICES,75
PAN MALAYSIA CORPORATION BHD,CONSUMER PRODUCTS & SERVICES,50
PANASONIC MANUFACTURING MSIA,CONSUMER PRODUCTS & SERVICES,75
PANSAR BERHAD,INDUSTRIAL PRODUCTS & SERVICES,50
PANTECH GROUP HOLDINGS BHD,INDUSTRIAL PRODUCTS & SERVICES,75
PAOS HOLDINGS BHD,CONSUMER PRODUCTS & SERVICES,50
PAPPAJACK BERHAD,FINANCIAL SERVICES,50
PARAGON GLOBE BERHAD,PROPERTY,75
PARAGON UNION BHD,CONSUMER PRODUCTS & SERVICES,50
PARAMOUNT CORPORATION BHD,PROPERTY,75
PARKSON HOLDINGS BHD,CONSUMER PRODUCTS & SERVICES,50
PARKWOOD HOLDINGS BERHAD,PROPERTY,50
PASDEC HOLDINGS BHD,PROPERTY,50
PAVILION REAL ESTATE INV TRUST,REAL ESTATE INVESTMENT TRUSTS,75
PBA HOLDINGS BHD,UTILITIES,50
PBS BERHAD,CONSUMER PRODUCTS & SERVICES,50
PCCS GROUP BHD,CONSUMER PRODUCTS & SERVICES,50
PDZ HOLDINGS BHD,TRANSPORTATION & LOGISTICS,50
PECCA GROUP BERHAD,INDUSTRIAL PRODUCTS & SERVICES,75
PEGASUS HEIGHTS BERHAD,PROPERTY,50
PENSONIC HOLDINGS BHD,CONSUMER PRODUCTS & SERVICES,25
PENTAMASTER CORPORATION BHD,TECHNOLOGY,75
PERAK CORPORATION BHD,TRANSPORTATION & LOGISTICS,75
PERAK TRANSIT BERHAD,CONSUMER PRODUCTS & SERVICES,75
PERDANA PETROLEUM BERHAD,ENERGY,50
PERMAJU INDUSTRIES BHD,CONSUMER PRODUCTS & SERVICES,50
PERTAMA DIGITAL BERHAD,CONSUMER PRODUCTS & SERVICES,50
PESONA METRO HOLDINGS BHD,CONSTRUCTION,75
PESTEC INTERNATIONAL BERHAD,INDUSTRIAL PRODUCTS & SERVICES,50
PETRA ENERGY BHD,ENERGY,75
PETRON MALAYSIA REFINING & MARKETING BERHAD,ENERGY,75
PETRONAS CHEMICALS GROUP BHD,INDUSTRIAL PRODUCTS & SERVICES,100
PETRONAS DAGANGAN BHD,CONSUMER PRODUCTS & SERVICES,100
PETRONAS GAS BHD,UTILITIES,100
PGF CAPITAL BERHAD,INDUSTRIAL PRODUCTS & SERVICES,75
PHARMANIAGA BHD,HEALTH CARE,100
PIMPINAN EHSAN BERHAD,CONSTRUCTION,50
PINEHILL PACIFIC BERHAD,PLANTATION,50
PINTARAS JAYA BHD,CONSTRUCTION,50
PJBUMI BHD,INDUSTRIAL PRODUCTS & SERVICES,75
PLB ENGINEERING BHD,PROPERTY,50
PLENITUDE BHD,PROPERTY,75
PLS PLANTATIONS BERHAD,PLANTATION,75
PMB TECHNOLOGY BHD,INDUSTRIAL PRODUCTS & SERVICES,75
PNE PCB BHD,INDUSTRIAL PRODUCTS & SERVICES,50
POH HUAT RESOURCES HOLDINGS,CONSUMER PRODUCTS & SERVICES,75
POH KONG HOLDINGS BHD,CONSUMER PRODUCTS & SERVICES,50
POS MALAYSIA BHD,TRANSPORTATION & LOGISTICS,100
POWER ROOT BERHAD,CONSUMER PRODUCTS & SERVICES,50
PPB GROUP BHD,CONSUMER PRODUCTS & SERVICES,75
PRESS METAL ALUMINIUM HOLDINGS BERHAD,INDUSTRIAL PRODUCTS & SERVICES,100
PRESTAR RESOURCES BHD,INDUSTRIAL PRODUCTS & SERVICES,50
PRG HOLDINGS BERHAD,CONSUMER PRODUCTS & SERVICES,50
PROGRESSIVE IMPACT CORPORATION,INDUSTRIAL PRODUCTS & SERVICES,75
PROPEL GLOBAL BERHAD,ENERGY,75
PROTASCO BHD,CONSTRUCTION,75
PSAHAAN SADUR TIMAH MSIA,INDUSTRIAL PRODUCTS & SERVICES,75
PTT SYNERGY GROUP BERHAD,PROPERTY,50
PUBLIC BANK BHD,FINANCIAL SERVICES,100
PUBLIC PACKAGES HOLDINGS BHD,INDUSTRIAL PRODUCTS & SERVICES,50
PUNCAK NIAGA HOLDINGS BHD,CONSTRUCTION,50
PWF CORPORATION BERHAD,CONSUMER PRODUCTS & SERVICES,50
QES GROUP BERHAD,INDUSTRIAL PRODUCTS & SERVICES,75
QL RESOURCES BHD,CONSUMER PRODUCTS & SERVICES,75
QUALITY CONCRETE HOLDINGS BHD,INDUSTRIAL PRODUCTS & SERVICES,50
RADIUM DEVELOPMENT BERHAD,PROPERTY,75
RALCO CORPORATION BHD,INDUSTRIAL PRODUCTS & SERVICES,50
RANHILL UTILITIES BERHAD,UTILITIES,75
RAPID SYNERGY BHD,PROPERTY,50
RCE CAPITAL BHD,FINANCIAL SERVICES,100
REDTONE DIGITAL BERHAD,TELECOMMUNICATIONS & MEDIA,75
RENEUCO BERHAD,ENERGY,50
RESERVOIR LINK ENERGY BHD,ENERGY,75
RESINTECH BHD,INDUSTRIAL PRODUCTS & SERVICES,75
REVENUE GROUP BERHAD,TECHNOLOGY,75
REX INDUSTRY BHD,CONSUMER PRODUCTS & SERVICES,50
RGB INTERNATIONAL BHD,CONSUMER PRODUCTS & SERVICES,75
RGT BERHAD,INDUSTRIAL PRODUCTS & SERVICES,75
RHB BANK BERHAD,FINANCIAL SERVICES,100
RHONE MA HOLDINGS BERHAD,CONSUMER PRODUCTS & SERVICES,75
RHONG KHEN INTERNATIONAL BERHAD,CONSUMER PRODUCTS & SERVICES,75
RIMBUNAN SAWIT BHD,PLANTATION,50
RIVERVIEW RUBBER ESTATES BHD,PLANTATION,50
ROHAS TECNIC BERHAD,INDUSTRIAL PRODUCTS & SERVICES,100
S & F CAPITAL BERHAD,INDUSTRIAL PRODUCTS & SERVICES,50
SALCON BHD,UTILITIES,75
SALUTICA BERHAD,CONSUMER PRODUCTS & SERVICES,50
SAM ENGINEERING & EQUIPMENT,INDUSTRIAL PRODUCTS & SERVICES,75
SAMAIDEN GROUP BERHAD,ENERGY,75
SAMCHEM HOLDINGS BERHAD,INDUSTRIAL PRODUCTS & SERVICES,50
SAPURA ENERGY BERHAD,ENERGY,50
SAPURA INDUSTRIAL BHD,INDUSTRIAL PRODUCTS & SERVICES,50
SAPURA RESOURCES BHD,PROPERTY,50
SARAWAK CABLE BERHAD,INDUSTRIAL PRODUCTS & SERVICES,50
SARAWAK CONSOLIDATED IND BHD,INDUSTRIAL PRODUCTS & SERVICES,75
SARAWAK OIL PALMS BHD,PLANTATION,75
SARAWAK PLANTATION BHD,PLANTATION,50
SASBADI HOLDINGS BHD,TELECOMMUNICATIONS & MEDIA,75
SAUDIGOLD GROUP BERHAD,CONSUMER PRODUCTS & SERVICES,50
SBC CORPORATION BHD,PROPERTY,50
SCANWOLF CORPORATION BHD,INDUSTRIAL PRODUCTS & SERVICES,50
SCGM BHD,INDUSTRIAL PRODUCTS & SERVICES,75
SCICOM (MSC) BHD,INDUSTRIAL PRODUCTS & SERVICES,75
SCIENTEX BERHAD,INDUSTRIAL PRODUCTS & SERVICES,100
SCIENTEX PACKAGING (AYER KEROH) BERHAD,INDUSTRIAL PRODUCTS & SERVICES,75
SD GUTHRIE BERHAD,PLANTATION,75
SDS GROUP BERHAD,CONSUMER PRODUCTS & SERVICES,50
SEACERA GROUP BERHAD,INDUSTRIAL PRODUCTS & SERVICES,50
SEAL INCORPORATED BHD,PROPERTY,75
SEALINK INTERNATIONAL BHD,TRANSPORTATION & LOGISTICS,75
SEE HUP CONSOLIDATED BHD,TRANSPORTATION & LOGISTICS,75
SEG INTERNATIONAL BHD,CONSUMER PRODUCTS & SERVICES,75
SELANGOR DREDGING BHD,PROPERTY,50
SENG FONG HOLDINGS BERHAD,INDUSTRIAL PRODUCTS & SERVICES,75
SENHENG NEW RETAIL BERHAD,CONSUMER PRODUCTS & SERVICES,50
SENI JAYA CORPORATION BHD,TELECOMMUNICATIONS & MEDIA,75
SENTORIA GROUP BERHAD,PROPERTY,25
SENTRAL REIT,REAL ESTATE INVESTMENT TRUSTS,75
SEREMBAN ENGINEERING BERHAD,INDUSTRIAL PRODUCTS & SERVICES,75
SERN KOU RESOURCES BHD,CONSUMER PRODUCTS & SERVICES,50
SHANGRI-LA HOTELS (M) BHD,CONSUMER PRODUCTS & SERVICES,75
SHH RESOURCES HOLDINGS BHD,CONSUMER PRODUCTS & SERVICES,75
SHIN YANG GROUP BERHAD,TRANSPORTATION & LOGISTICS,50
SHL CONSOLIDATED BHD,PROPERTY,50
SIGNATURE INTERNATIONAL BHD,CONSUMER PRODUCTS & SERVICES,50
SIME DARBY BHD,CONSUMER PRODUCTS & SERVICES,75
SIME DARBY PROPERTY BERHAD,PROPERTY,75
SIN HENG CHAN (MALAYA) BHD,PLANTATION,50
SINARAN ADVANCE GROUP BERHAD,CONSUMER PRODUCTS & SERVICES,50
SINMAH CAPITAL BERHAD,CONSUMER PRODUCTS & SERVICES,50
SKB SHUTTERS CORPORATION BHD,INDUSTRIAL PRODUCTS & SERVICES,50
SKP RESOURCES BHD,INDUSTRIAL PRODUCTS & SERVICES,50
SKYGATE SOLUTIONS BERHAD,PROPERTY,50
SKYWORLD DEVELOPMENT BERHAD,PROPERTY,100
SLP RESOURCES BHD,INDUSTRIAL PRODUCTS & SERVICES,50
SMIS CORPORATION BHD,INDUSTRIAL PRODUCTS & SERVICES,75
SNS NETWORK TECHNOLOGY BERHAD,TECHNOLOGY,50
SOLARVEST HOLDINGS BERHAD,ENERGY,75
SOLID AUTOMOTIVE BHD,CONSUMER PRODUCTS & SERVICES,50
SOUTH MALAYSIA INDUSTRIES BHD,PROPERTY,50
SOUTHERN ACIDS (M) BHD,INDUSTRIAL PRODUCTS & SERVICES,50
SOUTHERN CABLE GROUP BERHAD,INDUSTRIAL PRODUCTS & SERVICES,50
SOUTHERN STEEL BHD,INDUSTRIAL PRODUCTS & SERVICES,100
SP SETIA BHD,PROPERTY,75
SPORTS TOTO BERHAD,CONSUMER PRODUCTS & SERVICES,100
SPRITZER BHD,CONSUMER PRODUCTS & SERVICES,75
STAR MEDIA GROUP BERHAD,TELECOMMUNICATIONS & MEDIA,75
SUBUR TIASA HOLDINGS BHD,INDUSTRIAL PRODUCTS & SERVICES,50
SUCCESS TRANSFORMER CORP BHD,INDUSTRIAL PRODUCTS & SERVICES,50
SUNGEI BAGAN RUBBER CO (M) BHD,PLANTATION,50
SUNSURIA BERHAD,PROPERTY,75
SUNWAY BERHAD,INDUSTRIAL PRODUCTS & SERVICES,100
SUNWAY CONSTRUCTION GROUP BERHAD,CONSTRUCTION,75
SUNWAY REAL ESTATE INVT TRUST,REAL ESTATE INVESTMENT TRUSTS,100
SUPERCOMNET TECHNOLOGIES BHD,HEALTH CARE,75
SUPERLON HOLDINGS BHD,INDUSTRIAL PRODUCTS & SERVICES,75
SUPERMAX CORPORATION BHD,HEALTH CARE,75
SURIA CAPITAL HOLDINGS BHD,TRANSPORTATION & LOGISTICS,75
SWIFT HAULAGE BERHAD,TRANSPORTATION & LOGISTICS,75
SWS CAPITAL BERHAD,CONSUMER PRODUCTS & SERVICES,50
SYARIKAT TAKAFUL MALAYSIA KELUARGA BERHAD,FINANCIAL SERVICES,75
SYCAL VENTURES BHD,CONSTRUCTION,25
SYMPHONY LIFE BERHAD,PROPERTY,50
T7 GLOBAL BERHAD,ENERGY,75
TA ANN HOLDINGS BHD,PLANTATION,50
TA WIN HOLDINGS BHD,INDUSTRIAL PRODUCTS & SERVICES,75
TAFI INDUSTRIES BHD,CONSUMER PRODUCTS & SERVICES,75
TALAM TRANSFORM BERHAD,PROPERTY,50
TALIWORKS CORPORATION BHD,UTILITIES,75
TAMBUN INDAH LAND BERHAD,PROPERTY,75
TAN CHONG MOTOR HOLDINGS BHD,CONSUMER PRODUCTS & SERVICES,75
TANCO HOLDINGS BHD,PROPERTY,50
TAS OFFSHORE BERHAD,TRANSPORTATION & LOGISTICS,75
TASCO BERHAD,TRANSPORTATION & LOGISTICS,75
TDM BHD,PLANTATION,75
TECHBASE INDUSTRIES BERHAD,CONSUMER PRODUCTS & SERVICES,50
TECHBOND GROUP BERHAD,INDUSTRIAL PRODUCTS & SERVICES,50
TECHNA-X BERHAD,ENERGY,50
TECK GUAN PERDANA BHD,CONSUMER PRODUCTS & SERVICES,50
TEK SENG HOLDINGS BHD,CONSUMER PRODUCTS & SERVICES,75
TELADAN GROUP BERHAD,PROPERTY,50
TELEKOM MALAYSIA BHD,TELECOMMUNICATIONS & MEDIA,100
TENAGA NASIONAL BHD,UTILITIES,75
TEO GUAN LEE CORPORATION BHD,CONSUMER PRODUCTS & SERVICES,50
TEO SENG CAPITAL BHD,CONSUMER PRODUCTS & SERVICES,50
TEXCHEM RESOURCES BHD,INDUSTRIAL PRODUCTS & SERVICES,75
TH PLANTATIONS BHD,PLANTATION,75
THETA EDGE BERHAD,TECHNOLOGY,50
THONG GUAN INDUSTRIES BHD,INDUSTRIAL PRODUCTS & SERVICES,75
THREE-A RESOURCES BHD,CONSUMER PRODUCTS & SERVICES,50
THRIVEN GLOBAL BERHAD,PROPERTY,50
TIEN WAH PRESS HOLDINGS BHD,INDUSTRIAL PRODUCTS & SERVICES,50
TIMBERWELL BHD,INDUSTRIAL PRODUCTS & SERVICES,50
TIME DOTCOM BHD,TELECOMMUNICATIONS & MEDIA,75
TIONG NAM LOGISTICS HOLDINGS,TRANSPORTATION & LOGISTICS,50
TITIJAYA LAND BERHAD,PROPERTY,50
TMC LIFE SCIENCES BHD,HEALTH CARE,75
TOMEI CONSOLIDATED BHD,CONSUMER PRODUCTS & SERVICES,50
TOMYPAK HOLDINGS BHD,INDUSTRIAL PRODUCTS & SERVICES,75
TONG HERR RESOURCES BHD,INDUSTRIAL PRODUCTS & SERVICES,50
TOP GLOVE CORPORATION BHD,HEALTH CARE,100
TOWER REITS,REAL ESTATE INVESTMENT TRUSTS,50
TOYO VENTURES HOLDINGS BERHAD,INDUSTRIAL PRODUCTS & SERVICES,50
TPC PLUS BHD,CONSUMER PRODUCTS & SERVICES,50
TRC SYNERGY BHD,CONSTRUCTION,50
TRIVE PROPERTY GROUP BERHAD,ENERGY,50
TROPICANA CORPORATION BERHAD,PROPERTY,50
TSH RESOURCES BHD,PLANTATION,75
TSR CAPITAL BHD,CONSTRUCTION,50
TUJU SETIA BERHAD,CONSTRUCTION,50
TUNE PROTECT GROUP BERHAD,FINANCIAL SERVICES,100
TURBO-MECH BERHAD,INDUSTRIAL PRODUCTS & SERVICES,75
TURIYA BHD,TECHNOLOGY,50
TWL HOLDINGS BERHAD,PROPERTY,50
TXCD BERHAD,CONSTRUCTION,50
UCHI TECHNOLOGIES BHD,INDUSTRIAL PRODUCTS & SERVICES,75
UEM EDGENTA BERHAD,INDUSTRIAL PRODUCTS & SERVICES,75
UEM SUNRISE BERHAD,PROPERTY,75
UMEDIC GROUP BERHAD,HEALTH CARE,75
UMS HOLDINGS BHD,INDUSTRIAL PRODUCTS & SERVICES,50
UMS-NEIKEN GROUP BHD,INDUSTRIAL PRODUCTS & SERVICES,75
UNIMECH GROUP BHD,INDUSTRIAL PRODUCTS & SERVICES,50
UNISEM (M) BHD,TECHNOLOGY,100
UNITED MALACCA BHD,PLANTATION,50
UNITED PLANTATIONS BHD,PLANTATION,75
UNITED U-LI CORPORATION BHD,INDUSTRIAL PRODUCTS & SERVICES,50
UOA DEVELOPMENT BERHAD,PROPERTY,75
UOA REITS,REAL ESTATE INVESTMENT TRUSTS,50
UPA CORPORATION BHD,CONSUMER PRODUCTS & SERVICES,50
UWC BERHAD,TECHNOLOGY,100
UZMA BHD,ENERGY,75
V.S INDUSTRY BHD,INDUSTRIAL PRODUCTS & SERVICES,100
VARIA BERHAD,CONSTRUCTION,50
VELESTO ENERGY BERHAD,ENERGY,100
VELOCITY CAPITAL PARTNER BERHAD,INDUSTRIAL PRODUCTS & SERVICES,75
VERSATILE CREATIVE BHD,CONSUMER PRODUCTS & SERVICES,50
VITROX CORPORATION BHD,TECHNOLOGY,100
VIZIONE HOLDINGS BERHAD,CONSTRUCTION,50
VSTECS BERHAD,TECHNOLOGY,75
WANG-ZHENG BHD,CONSUMER PRODUCTS & SERVICES,50
WARISAN TC HOLDINGS BHD,CONSUMER PRODUCTS & SERVICES,75
WASCO BERHAD,ENERGY,100
WATTA HOLDING BHD,INDUSTRIAL PRODUCTS & SERVICES,50
WCE HOLDINGS BERHAD,CONSTRUCTION,75
WCT HOLDINGS BERHAD,CONSTRUCTION,100
WEGMANS HOLDINGS BERHAD,CONSUMER PRODUCTS & SERVICES,50
WELLCALL HOLDINGS BHD,INDUSTRIAL PRODUCTS & SERVICES,50
WESTPORTS HOLDINGS BERHAD,TRANSPORTATION & LOGISTICS,100
WHITE HORSE BHD,INDUSTRIAL PRODUCTS & SERVICES,50
WILLOWGLEN MSC BHD,TECHNOLOGY,50
WMG HOLDINGS BERHAD,PROPERTY,50
WONG ENGINEERING CORPORATION,INDUSTRIAL PRODUCTS & SERVICES,75
WOODLANDOR HOLDINGS BHD,INDUSTRIAL PRODUCTS & SERVICES,50
WTK HOLDINGS BHD,INDUSTRIAL PRODUCTS & SERVICES,50
XIDELANG HOLDINGS LTD,CONSUMER PRODUCTS & SERVICES,50
XIN HWA HOLDINGS BERHAD,TRANSPORTATION & LOGISTICS,50
XIN SYNERGY GROUP BERHAD,INDUSTRIAL PRODUCTS & SERVICES,50
XL HOLDINGS BERHAD,CONSUMER PRODUCTS & SERVICES,50
Y&G CORPORATION BHD,PROPERTY,50
Y.S.P.SOUTHEAST ASIA HOLDING,HEALTH CARE,75
YB VENTURES BERHAD,INDUSTRIAL PRODUCTS & SERVICES,50
YENHER HOLDINGS BERHAD,CONSUMER PRODUCTS & SERVICES,50
YINSON HOLDINGS BHD,ENERGY,100
YLI HOLDINGS BHD,INDUSTRIAL PRODUCTS & SERVICES,50
YNH PROPERTY BHD,PROPERTY,50
YONG TAI BHD,PROPERTY,50
YOONG ONN CORPORATION BERHAD,CONSUMER PRODUCTS & SERVICES,50
YTL CORPORATION BHD,UTILITIES,100
YTL HOSPITALITY REIT,REAL ESTATE INVESTMENT TRUSTS,75
YTL POWER INTERNATIONAL BHD,UTILITIES,75
YX PRECIOUS METALS BHD,CONSUMER PRODUCTS & SERVICES,50
ZECON BHD,CONSTRUCTION,50
ZELAN BHD,CONSTRUCTION,50
ZHULIAN CORPORATION BHD,CONSUMER PRODUCTS & SERVICES,50
